{
  "model_file": "models/engagement_gru.onnx",
  "sequence_length": 30,
  "raw_feature_dim": 30,
  "enriched_feature_dim": 90,
  "threshold": 0.6299999999999997,
  "smoothing_window": 5,
  "model_name": "gru",
  "model_kwargs": {
    "model_name": "gru",
    "input_size": 90,
    "hidden_size": 192,
    "num_layers": 3,
    "dropout": 0.25
  },
  "best_threshold": 0.6299999999999997,
  "best_temperature": 1.5,
  "prior_shift_calibration": {
    "enabled": true,
    "source_pos_prior": 0.4926522043386984,
    "target_pos_prior": 0.7020069564570429,
    "train_pos_prior": 0.7020069564570429,
    "validation_pos_prior": 0.4926522043386984,
    "test_pos_prior_observed": 0.6947625931279884
  },
  "normalize_features": true,
  "feature_mean": [
    0.348916232585907,
    0.34492969512939453,
    0.017383281141519547,
    -0.23011116683483124,
    0.00946152862161398,
    -0.031881872564554214,
    0.466951847076416,
    0.5466750264167786,
    0.011314814910292625,
    0.5097574591636658,
    0.5497128963470459,
    0.003028259612619877,
    0.5633193254470825,
    0.5478477478027344,
    0.0028690816834568977,
    0.6060383915901184,
    0.5418739914894104,
    0.010928553529083729,
    0.5013501644134521,
    0.6822349429130554,
    0.008065319620072842,
    0.577930748462677,
    0.6789647340774536,
    0.007876652292907238,
    0.5396755337715149,
    0.680930495262146,
    -0.01165484357625246,
    0.5396953821182251,
    0.6822013258934021,
    -0.011865406297147274,
    9.176822459266987e-06,
    -3.2702851058274973e-06,
    -1.8029086277238093e-05,
    1.5217970940284431e-05,
    -4.523279130808078e-06,
    -3.968847522628494e-06,
    -8.123072348098503e-07,
    2.6280481506546494e-06,
    -6.88173315666063e-07,
    -8.248834859614362e-08,
    3.0357255127455574e-06,
    -8.157988986567943e-07,
    -1.6788087577879196e-06,
    2.6501868433115305e-06,
    -7.724078727733286e-07,
    -9.677103207650362e-07,
    2.0513853087322786e-06,
    -4.998610165785067e-07,
    -1.090940713766031e-06,
    2.0358781966933748e-06,
    6.336528599604208e-07,
    -6.49588628220954e-07,
    1.6726795593058341e-06,
    6.810950594626775e-07,
    -1.1571305549296085e-06,
    3.4178842724941205e-06,
    1.031564920594974e-06,
    -1.1714895435943617e-06,
    2.1010955606470816e-06,
    5.909293463446375e-07,
    0.02567964605987072,
    0.027355657890439034,
    0.006177068222314119,
    0.004729560576379299,
    0.005907048005610704,
    0.008257525973021984,
    0.0018557276343926787,
    0.0020382553339004517,
    0.0007708211778663099,
    0.0019131569424644113,
    0.001768418587744236,
    0.0005800965009257197,
    0.001906836056150496,
    0.0017580469138920307,
    0.0005725024966523051,
    0.0019243275746703148,
    0.002033882774412632,
    0.0007669205078855157,
    0.0017660734010860324,
    0.0018673171289265156,
    0.0007319916039705276,
    0.0018034621607512236,
    0.0018835769733414054,
    0.0007501460495404899,
    0.0018119829474017024,
    0.0019415703136473894,
    0.0005709758261218667,
    0.0018066292395815253,
    0.0019739079289138317,
    0.0005970540805719793
  ],
  "feature_std": [
    0.06486435979604721,
    0.06966406852006912,
    0.04535766318440437,
    0.04952569678425789,
    0.05566980317234993,
    0.14571663737297058,
    0.0672508105635643,
    0.11025404185056686,
    0.009235220961272717,
    0.06567592918872833,
    0.11011786013841629,
    0.007351013831794262,
    0.06549229472875595,
    0.11012151837348938,
    0.007272770162671804,
    0.06724511831998825,
    0.1104612946510315,
    0.008972380310297012,
    0.06549537181854248,
    0.11130177974700928,
    0.00955529697239399,
    0.06631921976804733,
    0.11084282398223877,
    0.00953091774135828,
    0.0654197707772255,
    0.11101233959197998,
    0.007232839707285166,
    0.06540227681398392,
    0.11141473054885864,
    0.0074772615917027,
    0.02055344544351101,
    0.022384852170944214,
    0.010129773989319801,
    0.003818843513727188,
    0.004639134276658297,
    0.005243248306214809,
    0.002282075583934784,
    0.003067235229536891,
    0.0010000000474974513,
    0.0024442600551992655,
    0.00305054965429008,
    0.0010000000474974513,
    0.002629056805744767,
    0.003054545959457755,
    0.0010000000474974513,
    0.0027676760219037533,
    0.00309378863312304,
    0.0010000000474974513,
    0.0024376974906772375,
    0.0035695089027285576,
    0.0010000000474974513,
    0.0026665343903005123,
    0.0035807578824460506,
    0.0010000000474974513,
    0.0025602178648114204,
    0.0035770467948168516,
    0.0010000000474974513,
    0.002558713313192129,
    0.003604224417358637,
    0.0010000000474974513,
    0.025869010016322136,
    0.02832813747227192,
    0.014661007560789585,
    0.004887686111032963,
    0.008137422613799572,
    0.014281921088695526,
    0.004393052775412798,
    0.004708592779934406,
    0.001110918470658362,
    0.004568534903228283,
    0.004704960621893406,
    0.0010000000474974513,
    0.0047535365447402,
    0.004687345586717129,
    0.0010000000474974513,
    0.004840814974159002,
    0.00465449970215559,
    0.00106976053211838,
    0.004221437498927116,
    0.005315994378179312,
    0.0010000000474974513,
    0.004452059511095285,
    0.005310919601470232,
    0.0010000000474974513,
    0.004462223034352064,
    0.005492374766618013,
    0.0010000000474974513,
    0.004454359412193298,
    0.0055274153128266335,
    0.0010000000474974513
  ],
  "artifact_origin": "local_project_models"
}